-- Adminer 4.3.1 MySQL dump

SET NAMES utf8;
SET time_zone = '+00:00';
SET foreign_key_checks = 0;
SET sql_mode = 'NO_AUTO_VALUE_ON_ZERO';

DROP TABLE IF EXISTS `categories`;
CREATE TABLE `categories` (
  `id` int(10) unsigned NOT NULL AUTO_INCREMENT,
  `title` varchar(255) COLLATE utf8_unicode_ci NOT NULL,
  `created_at` timestamp NULL DEFAULT NULL,
  `updated_at` timestamp NULL DEFAULT NULL,
  `deleted_at` timestamp NULL DEFAULT NULL,
  PRIMARY KEY (`id`)
) ENGINE=InnoDB DEFAULT CHARSET=utf8 COLLATE=utf8_unicode_ci;

INSERT INTO `categories` (`id`, `title`, `created_at`, `updated_at`, `deleted_at`) VALUES
(1,	'Dress',	'2018-07-27 23:00:33',	'2018-07-27 23:00:33',	NULL),
(2,	'Baju Muslim',	'2018-07-27 23:00:33',	'2018-07-27 23:00:33',	NULL),
(3,	'Untuk Pria',	'2018-07-27 23:00:33',	'2018-07-27 23:00:33',	NULL),
(4,	'Sepatu',	'2018-07-27 23:00:33',	'2018-07-27 23:00:33',	NULL),
(5,	'Atasan',	'2018-07-27 23:00:33',	'2018-07-27 23:00:33',	NULL),
(6,	'Set',	'2018-07-27 23:00:33',	'2018-07-27 23:00:33',	NULL),
(7,	'Pakaian Tidur',	'2018-07-27 23:00:33',	'2018-07-27 23:00:33',	NULL),
(8,	'Pakaian Dalam',	'2018-07-27 23:00:33',	'2018-07-27 23:00:33',	NULL),
(9,	'Kids',	'2018-07-27 23:00:33',	'2018-07-27 23:00:33',	NULL),
(10,	'Pakaian Bayi',	'2018-07-27 23:00:33',	'2018-07-27 23:00:33',	NULL),
(11,	'Big Size',	'2018-07-27 23:00:33',	'2018-07-27 23:00:33',	NULL),
(12,	'Baju Olahraga',	'2018-07-27 23:00:33',	'2018-07-27 23:00:33',	NULL),
(13,	'Tas',	'2018-07-27 23:00:33',	'2018-07-27 23:00:33',	NULL),
(14,	'Kecantikan',	'2018-07-27 23:00:33',	'2018-07-27 23:00:33',	NULL);

DROP TABLE IF EXISTS `migrations`;
CREATE TABLE `migrations` (
  `id` int(10) unsigned NOT NULL AUTO_INCREMENT,
  `migration` varchar(255) COLLATE utf8_unicode_ci NOT NULL,
  `batch` int(11) NOT NULL,
  PRIMARY KEY (`id`)
) ENGINE=InnoDB DEFAULT CHARSET=utf8 COLLATE=utf8_unicode_ci;

INSERT INTO `migrations` (`id`, `migration`, `batch`) VALUES
(4,	'2018_07_28_052317_create_categories_table',	1),
(5,	'2018_07_28_052518_create_products_table',	1),
(6,	'2018_07_28_053039_create_product_images_table',	1);

DROP TABLE IF EXISTS `products`;
CREATE TABLE `products` (
  `id` int(10) unsigned NOT NULL AUTO_INCREMENT,
  `category_id` int(10) unsigned NOT NULL,
  `title` varchar(255) COLLATE utf8_unicode_ci NOT NULL,
  `brand` varchar(255) COLLATE utf8_unicode_ci NOT NULL,
  `price` int(11) NOT NULL DEFAULT '0',
  `description` text COLLATE utf8_unicode_ci,
  `quantity` int(11) NOT NULL DEFAULT '0',
  `try_outfit` tinyint(1) NOT NULL DEFAULT '0',
  `available_sizes` varchar(255) COLLATE utf8_unicode_ci NOT NULL,
  `created_at` timestamp NULL DEFAULT NULL,
  `updated_at` timestamp NULL DEFAULT NULL,
  `deleted_at` timestamp NULL DEFAULT NULL,
  PRIMARY KEY (`id`),
  KEY `products_category_id_foreign` (`category_id`),
  CONSTRAINT `products_category_id_foreign` FOREIGN KEY (`category_id`) REFERENCES `categories` (`id`)
) ENGINE=InnoDB DEFAULT CHARSET=utf8 COLLATE=utf8_unicode_ci;

INSERT INTO `products` (`id`, `category_id`, `title`, `brand`, `price`, `description`, `quantity`, `try_outfit`, `available_sizes`, `created_at`, `updated_at`, `deleted_at`) VALUES
(1,	14,	'Dr. Terrell Rowe Sr.',	'Daniel Hechter',	8000000,	'Molestias necessitatibus minus dolorum labore eum ipsa. Sunt blanditiis repellat ex minima illum. Repellat eum vel dignissimos quia. Quibusdam aspernatur itaque quo deserunt aut consequatur. Neque cum error quod provident quia tenetur adipisci. Modi nesciunt blanditiis et rerum quaerat. Sint suscipit incidunt quod. Non deserunt sapiente aut necessitatibus. Sit enim quam fuga. Numquam placeat iure doloribus commodi voluptas necessitatibus corporis accusantium. Fugit et similique itaque veritatis. Eligendi omnis ut mollitia adipisci labore rerum ut. Qui hic amet harum est inventore. Esse fugiat nulla rerum impedit praesentium. Porro quas animi possimus qui. Magni reiciendis iste et eligendi ut. Nisi dicta facilis eaque laboriosam est dolores et. Temporibus non ut quis aut.',	197,	0,	'XL',	'2018-07-27 23:00:33',	'2018-07-27 23:00:33',	NULL),
(2,	14,	'Daryl Jacobs',	'Adidas',	300000,	'Warna Black, Broken White, Dusty Pink, Maroon, Navy dan Red (kiri ke kanan)\r\n\r\nSize S\r\nLingkar dada 86 cm\r\nLebar bahu 35 cm\r\nPanjang lengan 45 cm\r\nLingkar lengan 33 cm\r\nPanjang 90 cm\r\nLingkar pinggang 70 cm\r\nLingkar pinggul 98 cm\r\n\r\nSize M\r\nLingkar dada 90 cm\r\nLebar bahu 36 cm\r\nPanjang lengan 45 cm\r\nLingkar lengan 35 cm\r\nPanjang 60 cm\r\nLingkar pinggang 74 cm\r\nLingkar pinggul 102 cm\r\n\r\nSize L\r\nLingkar dada 96 cm\r\nLebar bahu 38 cm\r\nPanjang lengan 46 cm\r\nLingkar lengan 36 cm\r\nPanjang 92 cm\r\nLingkar pinggang 80 cm\r\nLingkar pinggul 108 cm\r\n\r\nSize XL\r\nLingkar dada 106 cm\r\nLebar bahu 40 cm\r\nPanjang lengan 47 cm\r\nLingkar lengan 39 cm\r\nPanjang 90 cm\r\nLingkar pinggang 118 cm\r\nModel Menggunakna Size dan Warna : M & Red\r\n\r\nResleting\r\nBahan Wedges Scuba\r\n\r\nProduk bisa dicoba dan dikembalikan: Ya',	4376,	1,	'M',	'2018-07-27 23:00:33',	'2018-07-27 23:00:33',	NULL),
(3,	5,	'Reina Fritsch',	'Armani',	6000000,	'Error unde maxime quo voluptas aliquid eum nesciunt. Rerum autem fugit doloremque aut ipsum quaerat ea. Architecto libero quo nisi autem ab repellendus non ea. Deleniti itaque qui vitae a nihil quia. Recusandae perferendis inventore exercitationem harum omnis et ipsum. Quia eaque cum nobis vel dicta ex. Accusantium adipisci harum repudiandae blanditiis eos saepe. Molestiae nisi vel velit odio eaque. Veniam vero dicta sint facilis quidem officia error. Nesciunt aut dolorum non aut. Quibusdam aut veritatis nobis ut. Autem qui doloremque voluptatem nam quis ullam ut. Molestias laudantium et ut sed eligendi. Adipisci facere aliquam unde ducimus. A et et quas in tempore voluptatem repellat. Minima pariatur omnis ullam veniam ut sit.',	1234,	0,	'XL',	'2018-07-27 23:00:33',	'2018-07-27 23:00:33',	NULL),
(4,	3,	'Mr. Jasmin Schimmel Sr.',	'Asprey',	200000,	'Debitis est voluptatum eveniet unde possimus. Nihil quos voluptas voluptate necessitatibus. Sit veniam aliquid aut qui enim voluptate praesentium. Et quas dicta dolore voluptates reiciendis distinctio a aut. Modi ea delectus saepe. Quidem voluptatem dolor qui voluptatem maiores. Commodi dicta veniam ut et. Magni assumenda perspiciatis sit repudiandae debitis maiores. Facilis quaerat ratione nostrum vitae eum omnis harum. Ut laborum tempora rem iure ut. Praesentium ad dolor voluptatem inventore consequuntur incidunt quia. Laboriosam rem commodi ex expedita culpa quia. Incidunt sequi ad sapiente labore. Nihil perspiciatis ut iure eos consequuntur. Dolor molestias necessitatibus qui perferendis velit. Quisquam dolor sunt placeat fuga adipisci ratione.',	72,	1,	'S,M',	'2018-07-27 23:00:33',	'2018-07-27 23:00:33',	NULL),
(5,	6,	'Iva Yost',	'Adidas',	200000,	'Sit veritatis minus neque illum. Sit vero aut et commodi exercitationem odit delectus eveniet. Quia natus doloribus excepturi qui est officiis. Id laudantium fuga sint neque et dolores. Cum distinctio dolorem qui omnis sint. Asperiores ea maxime ut quidem placeat consequatur. Officiis et laudantium ab. Delectus consectetur libero quisquam. Vero doloribus accusamus doloremque. Est quo vero officia quia. Natus et atque ea eius cupiditate tempore molestiae. Atque laudantium voluptatum eligendi reprehenderit mollitia commodi. Sit doloribus adipisci alias porro ex ipsa. Animi nisi inventore praesentium. Vitae a nostrum et labore sequi vel. Ab quibusdam et consequuntur enim. Libero aut sed sit quis. Dolor minus minus illum ratione aut.',	323,	0,	'XL',	'2018-07-27 23:00:33',	'2018-07-27 23:00:33',	NULL),
(6,	3,	'Paul Feil',	'Asprey',	400000,	'Officia beatae aperiam inventore qui repellendus necessitatibus. Sed hic voluptatem doloribus fuga. Porro aliquid rerum eum voluptatem quos quisquam. Voluptatum voluptatem ratione veritatis illum minus. Id voluptas veritatis ut vitae animi nam labore. Rem quibusdam eius quam dicta delectus est est. Et impedit cupiditate nam ex corporis. Corporis odit fugiat impedit vero eveniet facilis. Qui labore excepturi est dolore quisquam amet est. Fugiat dolores voluptate non et velit est blanditiis est. Beatae ducimus molestiae iure vel enim eaque quo. Rerum rem quia labore. Optio porro laudantium unde rerum soluta quas ut dolorem. Libero quam similique tenetur. Asperiores maxime voluptas et voluptatem natus.',	4334,	0,	'S,M',	'2018-07-27 23:00:33',	'2018-07-27 23:00:33',	NULL),
(7,	11,	'Prof. Deondre Predovic',	'Daniel Hechter',	400000,	'Velit dignissimos ducimus dignissimos quas. Animi nostrum id asperiores et velit pariatur. Neque dolorem quia ipsum eius molestiae. Aut pariatur sunt porro voluptatibus. Consequatur hic voluptate ea velit. Aut aliquam amet maiores occaecati. Maxime earum ea et in et similique et. Quia velit atque aut corrupti non aut. Voluptas quia cupiditate quia similique sed eius et et. Cum et odit dolor aut adipisci possimus placeat. Harum excepturi consectetur quasi inventore nesciunt sint veritatis ut. Dolores molestiae nisi iste dolorem. Provident ab in molestiae occaecati. Nihil et dolores minus est rerum reiciendis. Itaque repellendus autem qui. Explicabo fugit ab possimus est ut delectus dolor reprehenderit.',	4376,	1,	'S,M,L,XL',	'2018-07-27 23:00:33',	'2018-07-27 23:00:33',	NULL),
(8,	7,	'Prof. Lon Homenick DVM',	'Crolla',	7000000,	'Eos minima voluptas minus. Dolore est debitis ullam dolores dolor rerum deleniti. In mollitia nihil fugiat qui consequatur et facilis est. Voluptatem laboriosam debitis ut velit. Qui quaerat dolore totam delectus quaerat voluptatem repellat. Ut quis aut officia ea id aut facere. Quia iusto assumenda officiis quia vel sunt maiores. Quam id eum excepturi voluptates at. Temporibus dolorem omnis maxime. Impedit blanditiis nihil sed aliquam. Harum et autem quis culpa. Sapiente accusamus accusamus provident consequuntur nobis. Dolore rerum a sit quia architecto aut. Non pariatur voluptatem beatae consequuntur ut mollitia est hic. Saepe unde neque voluptates tempora consectetur dolores. Quia enim sit sed nisi voluptatem facere. Qui fuga cum assumenda eveniet nobis.',	765,	0,	'XL',	'2018-07-27 23:00:33',	'2018-07-27 23:00:33',	NULL),
(9,	5,	'Paula Brown',	'Armani',	300000,	'Voluptatibus qui quae asperiores temporibus culpa eos ad. Ut laudantium est consequatur et. Ducimus eos illo quas facilis nihil. Consequatur ut rerum consectetur tempore ex. Quis ut nulla earum dolorem vero alias autem et. Veritatis error dolorem eum quia odio ipsa consequatur cupiditate. Qui quae aliquam aut ipsa excepturi reiciendis. Dignissimos sunt aliquid nulla incidunt. Hic ratione praesentium labore delectus perferendis. Earum consequatur quam quidem ducimus eum voluptatum sequi. Eligendi vero magnam quis ut excepturi. Tenetur ipsam quod fugiat vero qui in. Possimus nulla qui qui id veniam non.',	1234,	1,	'S,M',	'2018-07-27 23:00:33',	'2018-07-27 23:00:33',	NULL),
(10,	8,	'Arvel Robel',	'Daniel Hechter',	7000000,	'Consequatur dolores qui distinctio exercitationem eligendi distinctio. At quis nihil dicta nam unde. Saepe explicabo ut porro perspiciatis esse nisi et eos. Aliquam recusandae ut quas ratione perferendis quis cum. Autem repellat repudiandae qui quia suscipit dicta. Atque voluptatibus reiciendis asperiores dolores debitis magnam nulla. Libero quibusdam consequuntur quo alias itaque culpa ut nostrum. Quo est rerum molestiae laborum molestiae. Repellat corrupti esse dicta cum blanditiis explicabo quos. Non est illum tempore sit. Ea ut molestiae occaecati dignissimos ut. Animi ipsum eligendi aut iusto perferendis. Dolorem quo et commodi et. Exercitationem beatae laboriosam quam blanditiis.',	197,	0,	'S',	'2018-07-27 23:00:33',	'2018-07-27 23:00:33',	NULL),
(11,	14,	'Dr. Kaitlyn Bahringer',	'Crolla',	300000,	'Dolor est nobis sed accusantium earum. Animi dolores aut illo consequuntur pariatur dicta quia. Molestiae explicabo id nihil aut eveniet. Eum assumenda in magnam eum eum aut maxime. Quisquam eos illo unde. Doloremque ad dolore nostrum fugiat rerum a voluptas. Laborum sit rerum voluptatem autem enim. Molestiae pariatur consequatur veritatis eveniet minus nemo. Commodi quos in non accusantium. Quo et inventore amet qui eius et incidunt. Ipsam et laborum tenetur cum nulla quia rerum. Dolore quibusdam qui exercitationem ab. Voluptates consequatur fugit ipsa ut modi ducimus voluptatem. Qui id sequi magnam corrupti.',	1234,	0,	'M',	'2018-07-27 23:00:33',	'2018-07-27 23:00:33',	NULL),
(12,	5,	'Dr. Mikayla Heller V',	'Armani',	8000000,	'Molestiae optio repudiandae distinctio qui. Consequatur non ipsum sint qui perferendis et. Dolorem numquam qui qui sit sint sint officia temporibus. Fugit eius aspernatur sint ut in. Suscipit reiciendis in voluptatem placeat et natus voluptatem. Perspiciatis sed velit quisquam ab. Sint nihil quod officia odit quia excepturi eaque vero. Enim qui impedit deserunt doloribus aut adipisci sit. Hic repellat nobis ea culpa et dolorem tempora eligendi. Voluptatum itaque quo consequuntur tempora voluptas corporis aut. Adipisci quia qui et quam. Perspiciatis voluptas veritatis in est ea voluptatum at. Optio quis fuga aspernatur error neque. Molestias quis aut est harum veritatis. Omnis molestiae enim eveniet cupiditate veniam repudiandae. Eos sapiente et quis illum numquam. Qui autem id magni eos.',	765,	0,	'XL',	'2018-07-27 23:00:33',	'2018-07-27 23:00:33',	NULL),
(13,	12,	'Mrs. Kasandra Adams',	'Adidas',	8000000,	'Minus ullam aspernatur quos. Quasi corrupti eaque incidunt nobis et reiciendis. Qui repellendus id maiores non laborum. Dolor autem ratione officia consequatur autem. Inventore est voluptates suscipit eos perferendis doloremque hic. Nulla sint nemo reprehenderit natus. Qui sit quis et praesentium aut explicabo tenetur voluptate. Excepturi dolor non dignissimos doloremque. Totam consequuntur veritatis earum et soluta rerum quas quia. Facilis incidunt dolor explicabo sit aliquid eligendi. Qui sequi modi officiis voluptas. Incidunt perferendis sint voluptatem perspiciatis aperiam consequatur. Asperiores sed accusantium in ut temporibus sunt quidem. Ullam et voluptatem officiis magnam harum non. Repudiandae id vitae cumque.',	7678,	1,	'S,M,L,XL',	'2018-07-27 23:00:33',	'2018-07-27 23:00:33',	NULL),
(14,	2,	'Prof. Julius Jacobi',	'Asprey',	6000000,	'Animi eum expedita culpa explicabo aperiam ex et ipsum. Numquam soluta temporibus quaerat ea libero iste. Voluptas assumenda quod dolor repellat saepe. Et dolore recusandae earum qui voluptatem perferendis consequatur. Cum aperiam a eveniet soluta sint aut voluptatem incidunt. Delectus quis ut tempora quia eum. Cum qui amet suscipit ut neque harum. In et ratione officiis recusandae. Quam ratione expedita veritatis qui perspiciatis minus consequuntur maiores. Minima voluptatem quia veritatis neque placeat incidunt illo. Aperiam fugiat natus facere natus praesentium ut distinctio. Est eligendi quaerat hic iure non tenetur qui.',	765,	0,	'L',	'2018-07-27 23:00:33',	'2018-07-27 23:00:33',	NULL),
(15,	1,	'Dr. Davion Jerde PhD',	'Daniel Hechter',	7000000,	'Vero blanditiis non voluptatem provident quia et id at. Nostrum hic molestiae inventore ducimus et commodi. Eos voluptatem sit facere corrupti. Ducimus saepe qui sequi beatae neque velit. Repellat in enim sed sint omnis. Sint vero iure est. Enim repellat dolor porro a in. Sed voluptates ut saepe nihil delectus quisquam. Accusantium neque ipsum quidem ea voluptas. Labore ducimus voluptas nulla maxime vel. Aut vitae pariatur reiciendis illum amet. Quos sit ea fuga. Est ad aperiam quos alias. Neque vel est praesentium soluta. Sit at est sequi culpa. Sunt sed et quas voluptatem qui. Eius qui optio harum sed ut consectetur ducimus. Corporis est quae ut omnis aut in.',	7678,	1,	'S',	'2018-07-27 23:00:33',	'2018-07-27 23:00:33',	NULL),
(16,	1,	'Gregoria Weimann',	'Armani',	200000,	'Est est nihil numquam expedita deleniti illo et. Qui magnam consequuntur numquam ut. Non repellendus consequatur pariatur corrupti quia qui vel. Molestiae sed quia quidem neque hic enim. Dolor accusamus repellendus excepturi eum cumque. Mollitia facilis voluptatem qui vitae suscipit. Eos voluptatem iusto ut nulla voluptas. Accusamus sunt qui itaque. Ab ut distinctio amet et et non. Inventore error recusandae et consequatur aliquam deserunt voluptatem aut. Reiciendis voluptates error repudiandae est nisi. Voluptatum ipsa ut ipsum voluptas qui voluptas repellat. Qui beatae corrupti deserunt dolore. Veniam tempora eos qui adipisci.',	4376,	1,	'S,M,L,XL',	'2018-07-27 23:00:33',	'2018-07-27 23:00:33',	NULL),
(17,	7,	'Leann Bins',	'Armani',	300000,	'Fugit dolore ut autem ipsa itaque est autem. Dolorem aut dicta eum aperiam. Ullam voluptate ut temporibus aut quod voluptas soluta. Possimus repudiandae ipsum est voluptatem aut dolores. Facere repellat temporibus quis dolore sed. Facilis corrupti provident rerum quasi provident. Ea praesentium a velit autem perferendis optio. Excepturi ut rerum suscipit molestiae est ea. Quo autem nisi sunt sit magni porro. Minima numquam incidunt dolor omnis repudiandae. Blanditiis vel temporibus distinctio. Ipsum qui asperiores voluptatum aperiam. Praesentium aut sint consectetur soluta explicabo. Mollitia laudantium possimus exercitationem laborum qui dolores. In blanditiis id repellendus ipsa vel aut autem dignissimos. Temporibus qui quam voluptates.',	4334,	0,	'S,M,L,XL',	'2018-07-27 23:00:33',	'2018-07-27 23:00:33',	NULL),
(18,	9,	'Darien Lemke',	'Armani',	400000,	'Ipsam a in blanditiis amet distinctio cupiditate porro. Consectetur qui nostrum esse nesciunt explicabo. Commodi error pariatur ab dolorum soluta voluptates accusamus. Dolores voluptas eum vero doloremque. Voluptatum quia est soluta consequatur ea laborum. Ipsam voluptatem quos unde et impedit. Magnam ut quisquam officiis enim. Dolorem non ratione maiores quis ipsa omnis. Veritatis est aliquid dolorum qui blanditiis voluptatem. Dolores enim eveniet aliquam aut ad possimus ut. Quo aut aliquid modi quia iure totam odio. Nobis nemo voluptatibus aut minus sit tempore qui. Ut aperiam eum inventore. Quis impedit qui labore laborum et omnis. Id facilis sunt consequatur eos tenetur. Error corporis distinctio velit ea assumenda. Cupiditate necessitatibus et hic voluptatem eum soluta dolorem.',	4334,	1,	'S,M',	'2018-07-27 23:00:33',	'2018-07-27 23:00:33',	NULL),
(19,	11,	'Ressie Weimann',	'Daniel Hechter',	500000,	'Nulla deserunt veritatis dolor et ullam deserunt. Id tempora soluta tenetur. Explicabo sunt ipsa inventore asperiores non. Eligendi incidunt omnis aliquam consequatur qui accusamus autem rerum. Non fugit saepe sit eum sunt. Dolor et corporis tenetur ut. Voluptatum in eveniet doloremque deleniti rerum maiores repellat. Ratione laborum maiores nemo quis distinctio adipisci veritatis. Accusamus omnis cupiditate similique fugiat consequuntur aut illo. Rem quaerat architecto in sunt atque. Sit facilis et earum alias illo nobis. At natus repudiandae vitae ipsa. Iste quam eveniet quis qui non illo quia corporis. Est enim repellat enim culpa voluptatem. Dolore dicta itaque rem et.',	197,	1,	'L',	'2018-07-27 23:00:33',	'2018-07-27 23:00:33',	NULL),
(20,	8,	'Flo Durgan',	'Daniel Hechter',	7000000,	'Molestias et non vero blanditiis id. Soluta quaerat aut ut occaecati. Possimus incidunt id facere quia et exercitationem qui. Asperiores aut nesciunt blanditiis. Enim libero eveniet corporis dolor ut eos aut. Doloremque voluptatem voluptas quos asperiores. Quia quam vel dolore illo eos voluptatum quo iusto. Labore recusandae consequatur voluptatem quis. Animi facere molestiae ipsa natus illo. Dolor ducimus dolore quas non sunt. Consequuntur ipsam ut saepe excepturi numquam accusamus aliquid. Ea alias illo sed a et rerum illum. Possimus quidem quod nemo. Exercitationem sit neque magni mollitia vel quis delectus. Est sapiente possimus perspiciatis veniam totam sit fugit iste. Quas rem inventore totam molestiae. Facere in voluptatem quia ratione quia ex pariatur atque.',	4376,	0,	'M',	'2018-07-27 23:00:33',	'2018-07-27 23:00:33',	NULL),
(21,	14,	'Prof. Darien Lubowitz II',	'Adidas',	7000000,	'Magni corrupti eum maxime quos eveniet velit. Et vero hic corporis non suscipit consequatur illo cum. Reprehenderit deleniti assumenda dicta in nemo inventore qui explicabo. Tempore voluptas sit quisquam sit architecto molestiae. Saepe consequatur sunt dolores et quasi enim. Consequatur praesentium optio id cum ipsum saepe porro. Eaque ex reprehenderit consectetur repudiandae sint molestiae laudantium adipisci. Id accusamus dolor officiis facere rerum delectus. Cum atque tenetur ut ut ex ducimus debitis. Porro vel reprehenderit harum doloribus. Recusandae ad accusantium autem et quo. Cupiditate accusantium inventore qui maxime perspiciatis. Quae voluptas ut rerum sequi modi. Assumenda cumque aspernatur non magnam ipsum aliquam. Et aut ad error eligendi dolorum molestiae.',	1234,	0,	'M',	'2018-07-27 23:00:33',	'2018-07-27 23:00:33',	NULL),
(22,	4,	'Kallie Sauer',	'Adidas',	300000,	'Eveniet sed porro sunt porro. Impedit expedita est illo pariatur rerum. Corrupti nihil voluptatibus qui iusto a. Iste et quae nihil aut et facilis. Voluptas nemo possimus nam quam sit minima provident. Quisquam eius vitae accusamus molestias. Dolore ut tempora id. In maiores corporis iure voluptatem ea veritatis eos. Molestiae quod optio sunt est aspernatur. Non nam magni ea debitis nam. Pariatur aspernatur architecto ullam dolore. Nostrum est recusandae optio. Velit ut quasi dicta quia dolores. Nulla et debitis sit. Nobis velit aut placeat voluptate qui consequatur. Modi asperiores molestiae qui illo dolores magni saepe mollitia. Deserunt provident nisi quibusdam et non optio repellendus ea. Est earum et rerum est reiciendis ex.',	197,	1,	'S',	'2018-07-27 23:00:33',	'2018-07-27 23:00:33',	NULL),
(23,	7,	'Brandon Stehr',	'Armani',	400000,	'Error et illo iste assumenda possimus laudantium. Voluptatem aut reiciendis repellat nihil minus enim laudantium. Necessitatibus nulla et et amet. Tempora deleniti et aut consequatur. Cumque amet officia error ut quidem numquam id. Sequi vitae qui culpa libero dolorem eaque possimus cum. Ut dolor et qui qui. Quo aut dolorem aliquam ex autem dignissimos. Eos sunt temporibus enim. Dicta soluta ex vero est culpa. Quibusdam commodi vel quasi similique et labore quam ut. Soluta voluptatem optio id cupiditate omnis adipisci. Consequatur consequatur sapiente dolore id omnis accusantium ipsum. Omnis corporis nihil perferendis id quis voluptatem enim magnam. Consectetur sit delectus consequatur id dolorum incidunt. Rerum deserunt voluptatem animi nam.',	72,	0,	'XL',	'2018-07-27 23:00:33',	'2018-07-27 23:00:33',	NULL),
(24,	13,	'Mortimer Witting',	'Daniel Hechter',	7000000,	'Tempora est sed totam inventore. Consequuntur qui totam cupiditate dignissimos rem dolore perferendis eum. Maxime et necessitatibus debitis culpa. Facere corporis consectetur quidem debitis suscipit voluptatem. Minima ipsa adipisci sed qui quia voluptatem et. Corrupti blanditiis aut perferendis. In eum itaque atque facere qui esse ut. Quia odit eum doloremque ut architecto doloribus libero. Sunt animi ut blanditiis est provident tempora. Sapiente est ex adipisci dolores eaque. Corrupti exercitationem nihil quae incidunt. Ipsam reprehenderit sint fugit. Doloribus et blanditiis neque fugiat non assumenda et. Ea explicabo quod id soluta nulla. Illo dolores recusandae accusamus et laborum omnis nisi molestiae.',	765,	0,	'S,M,L',	'2018-07-27 23:00:33',	'2018-07-27 23:00:33',	NULL),
(25,	3,	'Kirstin Emmerich',	'Crolla',	500000,	'Porro ratione et omnis eius. Sed a perspiciatis quia similique. Iusto accusamus et et provident non sequi dolor praesentium. Omnis facilis velit deleniti sed enim. Repellendus aut commodi excepturi fugiat voluptatem itaque est. Qui id perferendis nisi sit animi aut velit. Neque voluptatibus voluptatem tempora nostrum excepturi vitae. Ratione non a provident ut voluptas aut. Sequi et aut culpa placeat cum ut. Iure fuga iusto blanditiis amet vel. Qui consequatur ut adipisci rerum unde labore. Nobis voluptatibus dolor magni rerum cupiditate quis. Hic alias est modi sed. Nulla totam voluptatem ea et. Facere aperiam sint perferendis ut quisquam placeat et. Distinctio odit quibusdam est nisi. Voluptatum id consequuntur dignissimos ipsum. Facere iure perspiciatis eaque rerum quam ex voluptatum.',	323,	0,	'S,M',	'2018-07-27 23:00:33',	'2018-07-27 23:00:33',	NULL),
(26,	9,	'Shawn Hermann',	'Bilabong',	400000,	'Sint est non voluptates quia ratione. Rerum facilis enim repudiandae minima excepturi. Eum et natus voluptatem eveniet. Ducimus reprehenderit sit est dolorum laboriosam et. Et autem unde assumenda soluta sequi eligendi aut. Vitae ut est harum et distinctio autem nam. Sint in ipsum ea rerum ea beatae nostrum. Fuga porro accusamus ex quis. Quo sequi debitis iusto provident. Qui voluptate cum architecto excepturi libero nam officia. Officia dolor saepe fugiat ad. Sit id voluptas et recusandae occaecati ipsam. Quam illo praesentium vel delectus aut quo cupiditate. Voluptatem incidunt repellendus et et. Sequi mollitia est occaecati ipsam. Enim rerum dolores placeat amet architecto nulla. Ipsum qui doloremque non perspiciatis suscipit.',	7678,	1,	'S,M',	'2018-07-27 23:00:33',	'2018-07-27 23:00:33',	NULL),
(27,	13,	'Dr. Janet Schmitt',	'Crolla',	7000000,	'Atque facilis numquam officiis dolor tenetur qui. Eveniet ab ratione aperiam. Debitis iste et voluptates sit consequuntur rerum alias. Voluptatum nulla molestiae quidem dignissimos nesciunt ea. Suscipit quisquam blanditiis suscipit sequi veritatis. Voluptatibus ab modi architecto est itaque. Rerum et est earum placeat ut. Ut beatae odio est doloremque odit error iure. Excepturi voluptatum sequi est nisi sit enim fugit atque. Explicabo nostrum mollitia ratione aliquam reprehenderit reprehenderit. Sit soluta ea a. Ut vel harum illo quas quam. Unde velit sed ipsa autem sint. Quidem sapiente omnis nihil quis eum nemo. Enim unde sequi assumenda corrupti adipisci consequatur nam. Animi est rem nesciunt voluptatem in quis temporibus. Magnam reiciendis quasi aliquid.',	1234,	1,	'S,M',	'2018-07-27 23:00:33',	'2018-07-27 23:00:33',	NULL),
(28,	2,	'Lemuel Hansen',	'Armani',	300000,	'Quasi magnam a voluptatem aut. Eveniet at ut error velit provident. Esse itaque corporis at magni non non doloribus. Quas in quidem iure quos voluptatem voluptas dolor. Ut et id nostrum nesciunt voluptas possimus et. Ratione et asperiores tempora necessitatibus eius. Hic doloremque accusamus dolore aut et. Laboriosam enim pariatur ea totam. Cupiditate quaerat vero non architecto similique rerum similique. Ipsam modi qui consectetur enim rerum id neque. Quas at sed et blanditiis. Vel veniam incidunt sequi eos sapiente inventore nihil. Accusantium ab et in sint. Blanditiis natus minima ipsa harum fugiat. Reprehenderit placeat doloribus adipisci est magni autem. Laborum nihil ducimus necessitatibus ut. Nobis ad accusamus vel voluptate.',	197,	0,	'L',	'2018-07-27 23:00:33',	'2018-07-27 23:00:33',	NULL),
(29,	4,	'Turner Crist',	'Crolla',	400000,	'Nihil expedita dolor nam sed. Fugiat ad autem tenetur. Id dolores qui voluptas quaerat fuga molestias. Minus dolore officiis accusantium. Dolorem unde quam aliquid officiis ut eveniet ullam. Nihil repudiandae mollitia molestias dolorum id. Minima aut labore consectetur aut explicabo. Repellendus architecto fuga molestiae sit a vero. Alias fuga magnam eius fugit explicabo. Aspernatur qui cumque nihil magnam aspernatur. Sit similique corrupti debitis sequi reiciendis qui. Numquam qui amet exercitationem quis officia vel. Expedita odit deleniti quis dolor alias ipsa illo. Eveniet animi laborum pariatur rerum. Nisi deleniti fugit illo et sed modi id. Laborum quis dolor aut voluptatem hic delectus et velit. Distinctio sed tempora similique. Et iure et autem rerum sapiente.',	1234,	0,	'XL',	'2018-07-27 23:00:33',	'2018-07-27 23:00:33',	NULL),
(30,	5,	'Bettye DuBuque',	'Crolla',	8000000,	'Sed dolore est est ipsum. Totam fugit magnam et rerum. Et ab quisquam nisi et qui et omnis corrupti. Consequatur natus voluptatem debitis. Error ut recusandae quasi recusandae molestiae voluptatem et. Voluptas quia assumenda quibusdam hic qui nesciunt cupiditate. Velit est provident repellendus quia officiis officiis consequuntur. Illum quasi aut qui velit cum dolor neque. Laborum omnis quas dolore porro illo nobis et similique. Placeat rerum ut facere quae in tempora. Expedita veritatis magni ut. Tempore id aut dicta dolor aut sed voluptates. Consequatur fuga iusto possimus commodi voluptas in in. Amet autem dolores magnam est explicabo. Vel alias harum deleniti non numquam. Deleniti incidunt ut sed. Dolore eius quibusdam vitae ullam.',	197,	0,	'S,M',	'2018-07-27 23:00:33',	'2018-07-27 23:00:33',	NULL),
(31,	4,	'Winfield Schoen',	'Asprey',	300000,	'Quam velit consectetur quia sunt necessitatibus delectus repellendus. Cupiditate culpa odit quia dolores. Cupiditate qui sed non praesentium illo voluptates ea. Ea itaque soluta repudiandae aut. Doloremque id harum dolore. Sit illum rerum incidunt quia. Error vel voluptates magnam architecto maxime porro consequuntur. Deserunt minima qui ut fugit aut dignissimos facilis. Quibusdam ea cum consequatur facilis. Deserunt provident soluta veritatis impedit similique deleniti nemo. Alias perspiciatis et aut libero deleniti reiciendis. Quas et consectetur facere quia. Minus ipsam hic explicabo et laudantium eos. Minima soluta omnis praesentium repudiandae ut qui. Et beatae inventore deserunt error et. Non dolorem sapiente debitis et voluptas.',	197,	1,	'XL',	'2018-07-27 23:00:33',	'2018-07-27 23:00:33',	NULL),
(32,	14,	'Emmett Jast',	'Daniel Hechter',	400000,	'Impedit et dolor est reiciendis explicabo. Rem quia sed sed doloremque. Incidunt non consequatur pariatur rem quia velit. Id atque similique animi qui. Placeat voluptatem impedit ratione aut qui cum provident. Esse est cupiditate atque saepe eaque molestias sapiente. Est rerum dolores repudiandae ut adipisci aut fugiat. Corrupti fuga delectus quae. Vitae sunt vero vitae voluptatem. Qui voluptate repudiandae pariatur cumque delectus magni qui. Eligendi atque aut quia quod distinctio magni. Voluptas et ducimus nam dolores autem aut odit. Laboriosam numquam quia enim aut quisquam aut voluptate. Repudiandae illum eligendi debitis accusamus ratione optio.',	197,	0,	'S,M',	'2018-07-27 23:00:33',	'2018-07-27 23:00:33',	NULL),
(33,	10,	'Eloy Champlin PhD',	'Asprey',	6000000,	'Veritatis voluptas fuga magnam dolores ducimus ad nobis molestias. Laborum ipsa et sed perspiciatis non. Impedit et eveniet perspiciatis quod. Dolore in eveniet repellat. Eligendi molestiae dolor quia veniam. Quibusdam perferendis aspernatur quia. Laboriosam nisi in ullam at temporibus laudantium fugit. Sed esse rerum nisi ullam neque quas nihil. Aliquid quidem quidem quibusdam sapiente. In non asperiores accusantium nostrum suscipit illo neque alias. Facilis officia incidunt facere aut alias. Aspernatur vitae beatae veritatis ipsa. Fugit et consequuntur exercitationem dignissimos. Quo ratione esse vel sed. Quibusdam tempora et temporibus inventore doloribus sed. Suscipit non ad esse dolorum assumenda a quidem.',	323,	1,	'S,M',	'2018-07-27 23:00:33',	'2018-07-27 23:00:33',	NULL),
(34,	7,	'Theodora Douglas',	'Adidas',	8000000,	'Optio quia occaecati quia suscipit omnis iusto accusantium. Possimus et autem accusantium adipisci quia sunt et. Laudantium ipsa sunt consequatur fugit repudiandae. Aut temporibus dolorum aliquid dolore ex sit quia. Voluptatem consequatur consequuntur ut vel placeat nam. Voluptatem dolorem ut asperiores eum. Est nihil aut et quis necessitatibus. Itaque omnis blanditiis officiis accusamus quo reiciendis. Voluptatibus et et ducimus ut repellendus et rem. Autem commodi molestiae magnam. Odio sunt aut quis quae in et. Neque dicta temporibus ut in excepturi. Est voluptates provident eaque ut facere. Veritatis molestiae molestiae unde dolore quas. Id suscipit odio placeat sapiente eius dolorem.',	1234,	1,	'S,M,L',	'2018-07-27 23:00:33',	'2018-07-27 23:00:33',	NULL),
(35,	1,	'Elouise Mante',	'Daniel Hechter',	500000,	'Et suscipit qui et error recusandae ut. Libero amet atque excepturi nemo consequuntur id rerum. Qui id qui nisi ratione. Ratione et harum facere non non alias nam. Velit et et exercitationem ut ratione. Aliquam labore porro incidunt non impedit culpa. Quis numquam delectus sunt iste. Dolores qui repellat facere architecto nisi sint. Repudiandae voluptatum sint aut repellat ut autem a. Et aut quasi explicabo optio ullam porro illo. Est facilis et soluta nulla harum et id. Voluptate amet aliquam et. Rerum impedit sint est est. Reprehenderit voluptatem in modi rem. Deleniti dicta eum laudantium enim. Et consequuntur quasi minima consectetur.',	7678,	0,	'S,M',	'2018-07-27 23:00:33',	'2018-07-27 23:00:33',	NULL),
(36,	10,	'Zoe Ziemann',	'Bilabong',	400000,	'Eum inventore molestiae consequatur velit doloribus. Aspernatur perspiciatis aut optio voluptas ipsam iste velit placeat. Possimus commodi beatae ea dolores dolorum sed. Praesentium expedita numquam omnis eos maxime qui facere. Autem error quia laudantium placeat pariatur voluptatem eaque laborum. Autem occaecati iste porro rerum similique vitae. Est voluptatum iusto reprehenderit deleniti sunt eveniet facere. Non voluptas aut sit vero. Numquam adipisci dolorem quo fugiat esse numquam dolorum tempora. Est et sed unde debitis et molestiae sit. Ducimus ut repellendus quibusdam modi dicta cupiditate.',	765,	1,	'S',	'2018-07-27 23:00:33',	'2018-07-27 23:00:33',	NULL),
(37,	11,	'Dr. Tevin Kovacek',	'Adidas',	6000000,	'Est laudantium dolorum voluptatem ducimus. Delectus cupiditate ut soluta esse. Ut occaecati iste repellendus voluptatibus ratione. Saepe dicta ipsa quae aliquam cum et pariatur. Quia ullam vero rerum consectetur possimus labore odit. Odio non impedit nostrum maxime accusamus voluptatem voluptate. Dolor odio voluptatibus illo aut rem. Iusto placeat provident sit ducimus ipsa et. Reprehenderit et aliquam libero voluptas quibusdam neque. Tempore repellat earum earum occaecati culpa quidem maxime. Natus est velit distinctio maxime est. Architecto est natus qui in odit minima. Qui tempore nihil autem atque quo. Earum sit repudiandae ea nihil quos. Corrupti aut nemo sint inventore incidunt blanditiis quam autem.',	197,	0,	'XL',	'2018-07-27 23:00:33',	'2018-07-27 23:00:33',	NULL),
(38,	5,	'Miss Sabrina Rosenbaum',	'Bilabong',	8000000,	'Expedita a quidem quam vero excepturi molestiae. Natus pariatur architecto beatae cum in. Ex nisi rem voluptas neque non. Saepe dolorem officiis iusto beatae temporibus est eum adipisci. Inventore qui officia nisi quo molestias nesciunt architecto. Dolor quidem cumque ut quod dolorem veritatis eos voluptas. Et veniam omnis ipsam vero. Et assumenda enim voluptate officiis sint. Sint modi saepe ut praesentium. Ipsa quo quasi magnam sint quibusdam quam. Accusantium aut modi sed quos voluptate eum eum. Qui impedit culpa ut sit natus iure. Totam ipsa labore tempore omnis nam. Tenetur nesciunt quo dicta impedit. Reiciendis sit velit quidem ea. Enim dignissimos repellendus quibusdam est.',	323,	1,	'S',	'2018-07-27 23:00:33',	'2018-07-27 23:00:33',	NULL),
(39,	6,	'Prof. Dorris Wolf DDS',	'Armani',	400000,	'Nisi magni eligendi architecto delectus vitae fuga perspiciatis ipsam. Consequatur accusantium ad sed. Vel esse et commodi fugit voluptatem voluptatum aut. Nihil quia voluptatem veniam sit laborum voluptas illum. Laboriosam aliquid ut quia nulla. Corrupti sequi odio inventore necessitatibus quisquam. Molestias voluptas consequuntur vel. Error molestiae tempore qui voluptatem illo est incidunt eaque. Itaque ipsam itaque illo explicabo est quia non est. Animi dolores voluptatem maiores numquam quibusdam. Quia at eligendi maxime a mollitia amet. Et dolor voluptate qui in eum. Dolores voluptas labore sit consectetur vero. Quaerat et velit illo voluptatibus tenetur repudiandae.',	7678,	0,	'S,M,L',	'2018-07-27 23:00:33',	'2018-07-27 23:00:33',	NULL),
(40,	14,	'Cassandre DuBuque',	'Crolla',	7000000,	'Laudantium et qui cum dignissimos ea reiciendis voluptate. Eius odit quasi doloremque aut. Quos voluptas dolore aspernatur. Quaerat occaecati natus corrupti repudiandae et eligendi. Et facere tenetur voluptatem. Harum dolorum molestiae nobis distinctio ipsam et eveniet ea. Culpa quia possimus similique voluptatem porro nihil fuga. Pariatur ut culpa et. Consectetur provident tenetur labore blanditiis dolor. Soluta facere eos magnam nihil. Veritatis et quia vero maxime quibusdam. Qui molestiae nobis rerum fuga aliquam unde non dicta. Omnis ut quisquam consequatur minima. Enim deleniti qui cum non sint. Quas earum sint quo fugit quod quo doloribus ea. Voluptate qui aut labore ut nisi illum. Autem minima architecto voluptate voluptatum ut odio porro.',	197,	1,	'XL',	'2018-07-27 23:00:33',	'2018-07-27 23:00:33',	NULL),
(41,	1,	'Dr. Rico Becker PhD',	'Crolla',	8000000,	'Dolor qui eum sunt ratione in similique itaque. Aut et cupiditate qui eum blanditiis itaque et est. Vero fugiat impedit odit. Nihil deleniti blanditiis laboriosam tempora beatae incidunt. Pariatur consequatur delectus similique odio temporibus. Facere ut totam sunt officia nam sit odio. Facilis aperiam et error et et. Pariatur odit vitae iure consequuntur sed quia. Voluptatum modi et sapiente illum odio aliquam. Non et dolorum reprehenderit veritatis. Quod rem libero sed eveniet rerum. Rerum dignissimos et dolores iure. Delectus quis consequuntur ea rerum. Voluptatum odit eveniet odio. Molestiae deserunt temporibus ratione autem inventore repellat.',	765,	0,	'XL',	'2018-07-27 23:00:33',	'2018-07-27 23:00:33',	NULL),
(42,	8,	'Vivienne Boehm',	'Bilabong',	500000,	'Voluptates delectus et neque enim. Eum dolorem cumque quisquam delectus aut earum. Ad velit sed magnam id corporis laboriosam aliquam doloremque. Odio consequatur accusantium qui facilis distinctio ut ipsa. Consectetur temporibus suscipit exercitationem ullam nihil velit voluptas. Laudantium velit ut est voluptatem. Molestiae quod officia inventore itaque. Ipsa et officia esse qui asperiores repudiandae aut et. Dolore perspiciatis quibusdam veritatis omnis saepe doloremque ut. Inventore tempora aut ut alias quis at reprehenderit. Dolor nihil quia quod qui. Et fuga repellendus non. Enim soluta cupiditate et doloribus voluptas debitis.',	765,	0,	'S,M',	'2018-07-27 23:00:33',	'2018-07-27 23:00:33',	NULL),
(43,	5,	'Jacinto Auer',	'Adidas',	6000000,	'Et tempora non labore. Quidem qui aut quasi. Dolor non error culpa omnis totam. Est quibusdam ut velit quo rerum illum. Dolorem minus quidem expedita doloremque. Perferendis doloribus debitis fugiat dolor optio nihil sed et. Ab laboriosam magni hic voluptatem ipsum impedit provident molestiae. Ut nulla officia iure adipisci. Rem tenetur alias at quisquam facere. Est corporis eveniet veniam iusto explicabo inventore. Provident omnis beatae quod et nemo. Aliquid omnis molestiae suscipit quibusdam nam vel itaque. Voluptas minus impedit ea optio adipisci et. Ut itaque cumque repellat laudantium eligendi vero. Perferendis enim autem porro iure architecto. Nihil maxime numquam eius blanditiis mollitia. Ut et aut qui facilis est ut.',	4376,	0,	'S',	'2018-07-27 23:00:33',	'2018-07-27 23:00:33',	NULL),
(44,	11,	'Dr. Blaze Kautzer DDS',	'Bilabong',	300000,	'Commodi sequi ut illum saepe ab qui. Sit laboriosam qui eum tenetur adipisci quis ducimus. Sed iusto sit sint dolore. Voluptatem ab ut earum animi illum. Distinctio quasi fugiat cupiditate molestiae enim et. Ea officia aut eaque. Ut incidunt odio consectetur repudiandae ipsam error fuga. Illo facere omnis rerum consequatur quibusdam. Saepe reiciendis distinctio enim optio. Et eligendi exercitationem esse omnis sed placeat saepe. Sequi quo voluptatem reprehenderit sequi. Ut vel ea eos inventore. Itaque perspiciatis minus ipsa aut. Vitae rerum modi assumenda et. Quia enim veritatis enim officia repellendus. Omnis voluptatem sit quasi dignissimos. Harum architecto cum voluptates animi commodi.',	765,	0,	'XL',	'2018-07-27 23:00:33',	'2018-07-27 23:00:33',	NULL),
(45,	9,	'Vivian Kuphal DVM',	'Adidas',	6000000,	'Delectus quia qui tenetur doloribus soluta quis. Dicta et debitis nemo at consequatur quia. Optio libero esse aut. Ab aut tempore corrupti quisquam necessitatibus dolor magnam. Ipsa incidunt cupiditate ullam illo officia recusandae. Necessitatibus rerum illum sit. Et enim dignissimos commodi et deleniti non. Alias alias dolorem assumenda voluptas commodi. Nihil fugiat molestiae sequi excepturi cupiditate quia sed. Architecto in eveniet quod sint in in laudantium quaerat. Quam incidunt nesciunt at velit illum quaerat neque sed. Saepe laborum eos adipisci odio a incidunt. Ipsum sint optio voluptate et quis iusto. Accusantium non non ipsam aut officiis suscipit qui. Tempora itaque iste corporis impedit. Eligendi adipisci sint quisquam deserunt enim in sed.',	323,	0,	'S',	'2018-07-27 23:00:33',	'2018-07-27 23:00:33',	NULL),
(46,	14,	'Prof. Marvin Willms',	'Daniel Hechter',	200000,	'Laboriosam id dolorum et odio. Aspernatur id cumque nihil sequi quaerat. Fugiat consequatur tenetur voluptatem dicta dolorum numquam asperiores. Officia occaecati porro dolores cum. In laboriosam voluptas odio quia. Est fugiat ut est beatae fugit. Nam corporis quo magnam perspiciatis quaerat temporibus ut. Labore ut cupiditate numquam aspernatur autem et. Ut qui est doloribus ut sed. Dolor sit et placeat eos ab cum accusantium perferendis. Tenetur quaerat non odit. Eum qui eum nesciunt. Quo aliquam quis sed nisi aliquam. Numquam repudiandae consequatur eos et aut quo. Quo recusandae excepturi eaque et. Similique tempora adipisci rerum exercitationem id sint ipsum. Dicta quae velit expedita nostrum nihil.',	7678,	1,	'L',	'2018-07-27 23:00:33',	'2018-07-27 23:00:33',	NULL),
(47,	2,	'Deontae Feil',	'Adidas',	8000000,	'Totam voluptatibus rerum fugit aut quo et quia. Animi recusandae enim suscipit rem qui ex ullam. Qui nulla necessitatibus ipsum nesciunt aspernatur. Dolor minus est explicabo aut repellendus vitae. Totam et molestiae similique saepe at hic. Aut sint repellat deleniti. Eaque quod magni eaque reprehenderit modi voluptatem. Exercitationem debitis ut ipsa qui soluta voluptatem autem. Incidunt officiis et voluptas dolorem. Necessitatibus sapiente velit dolorem nemo iusto non. Quia ipsum qui autem asperiores suscipit. Id sed exercitationem fugiat at numquam et. Quis deleniti aut sapiente consequatur aut repellat. Reiciendis soluta in aut laudantium ab. Dolorem enim cum eaque totam optio. Eum nobis nemo quos aut quasi qui. Et alias et sit omnis quo eligendi et.',	4376,	1,	'L',	'2018-07-27 23:00:33',	'2018-07-27 23:00:33',	NULL),
(48,	12,	'Myrna Keeling PhD',	'Bilabong',	200000,	'Ratione nam doloremque ut veritatis voluptas dolorem et. Sit possimus et est esse. Ut quia illum reiciendis culpa nesciunt. Qui accusamus sed reprehenderit magnam vel magni illum quidem. Dolorem dolor reiciendis aut corporis. Dolor ut eum et dolores debitis quas occaecati voluptate. Voluptas qui nihil est aut veniam perspiciatis. Ea ad aut dicta fugiat rerum ut. Qui animi repudiandae et et commodi. Eos aut eos sunt molestias quibusdam. Ut provident ut ea amet quo est at ut. Aut consectetur sequi provident. Ea inventore quia quia laborum nesciunt. Nostrum incidunt laborum in ea et. Ab reiciendis sunt similique consequatur omnis. Accusamus sint quis rem sit dignissimos dolor consequatur laboriosam.',	1234,	1,	'S,M',	'2018-07-27 23:00:33',	'2018-07-27 23:00:33',	NULL),
(49,	13,	'Elisha Boehm',	'Daniel Hechter',	7000000,	'Et voluptatem sint eligendi et voluptatem qui. Reiciendis delectus expedita velit numquam qui. Amet accusantium ut qui voluptates iure. Fuga earum facere quia corporis culpa numquam. Possimus maiores ut dolore. Tempore nulla ut nobis. Laudantium non aut fugit molestias error est deserunt iusto. Delectus distinctio earum ipsa recusandae culpa vero ut. Libero voluptas similique itaque expedita omnis voluptas. Rerum aliquam suscipit odit odio. Architecto possimus consequatur et sunt atque sint et. Ipsum mollitia ullam dolorum velit corporis. Eum rem quae minima qui sit pariatur in. Fugit animi dolor dolorum deleniti omnis est. Error ipsum placeat dolor ab sit veniam est. Omnis minus sed corporis aut quis adipisci. Natus praesentium dolorum velit.',	7678,	0,	'S,M,L,XL',	'2018-07-27 23:00:33',	'2018-07-27 23:00:33',	NULL),
(50,	11,	'Jamey Becker DVM',	'Armani',	500000,	'Itaque architecto harum ut hic aut repudiandae. Exercitationem et sed eius unde recusandae neque voluptatem. Alias porro harum eos delectus. Dolorem rerum dolorem a voluptas accusamus. Harum iste atque nisi fugiat cumque id eos. Dolorem voluptatum adipisci quia necessitatibus. Deleniti qui enim est temporibus voluptas. Excepturi aspernatur praesentium natus quae et repudiandae. Consectetur et quaerat voluptatem deleniti qui. Qui eos ipsa et qui quod. Ex aliquid quo fuga sed aliquam. Aut qui molestiae debitis provident necessitatibus iure. Sint est molestias accusantium qui hic sed rerum. Voluptas saepe ea perferendis blanditiis inventore est. Sit repudiandae hic hic excepturi. Odio laborum est alias nostrum sapiente.',	197,	0,	'M',	'2018-07-27 23:00:33',	'2018-07-27 23:00:33',	NULL),
(75,	1,	'',	'',	0,	'',	0,	0,	'',	'2018-07-30 10:19:29',	'2018-07-30 10:19:29',	'2018-07-30 11:04:06'),
(76,	1,	'dsdsd',	'dsdsd',	332323,	'dsds',	22,	1,	'dsdwe',	'2018-07-30 10:26:12',	'2018-07-30 10:26:12',	'2018-07-30 11:04:05'),
(77,	1,	'dsdsd',	'dsdsd',	23,	'dsdsd',	3,	1,	'dsd',	'2018-07-30 10:26:30',	'2018-07-30 10:26:30',	'2018-07-30 11:04:03'),
(78,	1,	'dsdsdd',	'dsds',	2323,	'',	32323,	0,	'dsd',	'2018-07-30 10:49:00',	'2018-07-30 10:49:00',	'2018-07-30 11:04:01'),
(79,	1,	'xsxssx',	'xxssx',	333,	'xssxsx',	333,	0,	'sss',	'2018-07-30 10:52:26',	'2018-07-30 10:52:26',	'2018-07-30 11:03:57');

DROP TABLE IF EXISTS `product_images`;
CREATE TABLE `product_images` (
  `id` int(10) unsigned NOT NULL AUTO_INCREMENT,
  `product_id` int(10) unsigned NOT NULL,
  `filename` varchar(255) COLLATE utf8_unicode_ci NOT NULL,
  `is_primary` tinyint(1) NOT NULL DEFAULT '0',
  `created_at` timestamp NULL DEFAULT NULL,
  `updated_at` timestamp NULL DEFAULT NULL,
  `deleted_at` timestamp NULL DEFAULT NULL,
  PRIMARY KEY (`id`),
  KEY `product_images_product_id_foreign` (`product_id`),
  CONSTRAINT `product_images_product_id_foreign` FOREIGN KEY (`product_id`) REFERENCES `products` (`id`)
) ENGINE=InnoDB DEFAULT CHARSET=utf8 COLLATE=utf8_unicode_ci;

INSERT INTO `product_images` (`id`, `product_id`, `filename`, `is_primary`, `created_at`, `updated_at`, `deleted_at`) VALUES
(1,	1,	'1.jpg',	1,	NULL,	NULL,	NULL),
(2,	2,	'2.jpg',	1,	NULL,	NULL,	NULL),
(5,	3,	'2.jpg',	1,	'2018-07-29 02:21:39',	'2018-07-29 02:21:39',	NULL),
(6,	4,	'1.jpg',	1,	'2018-07-29 02:21:39',	'2018-07-29 02:21:39',	NULL),
(7,	5,	'2.jpg',	1,	'2018-07-29 02:21:39',	'2018-07-29 02:21:39',	NULL),
(8,	6,	'2.jpg',	1,	'2018-07-29 02:21:39',	'2018-07-29 02:21:39',	NULL),
(9,	7,	'1.jpg',	1,	'2018-07-29 02:21:39',	'2018-07-29 02:21:39',	NULL),
(10,	8,	'1.jpg',	1,	'2018-07-29 02:21:39',	'2018-07-29 02:21:39',	NULL),
(11,	9,	'2.jpg',	1,	'2018-07-29 02:21:39',	'2018-07-29 02:21:39',	NULL),
(12,	10,	'2.jpg',	1,	'2018-07-29 02:21:39',	'2018-07-29 02:21:39',	NULL),
(13,	11,	'2.jpg',	1,	'2018-07-29 02:21:39',	'2018-07-29 02:21:39',	NULL),
(14,	12,	'1.jpg',	1,	'2018-07-29 02:21:39',	'2018-07-29 02:21:39',	NULL),
(15,	13,	'2.jpg',	1,	'2018-07-29 02:21:39',	'2018-07-29 02:21:39',	NULL),
(16,	14,	'1.jpg',	1,	'2018-07-29 02:21:39',	'2018-07-29 02:21:39',	NULL),
(17,	15,	'1.jpg',	1,	'2018-07-29 02:21:39',	'2018-07-29 02:21:39',	NULL),
(18,	16,	'1.jpg',	1,	'2018-07-29 02:21:39',	'2018-07-29 02:21:39',	NULL),
(19,	17,	'1.jpg',	1,	'2018-07-29 02:21:39',	'2018-07-29 02:21:39',	NULL),
(20,	18,	'2.jpg',	1,	'2018-07-29 02:21:39',	'2018-07-29 02:21:39',	NULL),
(21,	19,	'1.jpg',	1,	'2018-07-29 02:21:39',	'2018-07-29 02:21:39',	NULL),
(22,	20,	'1.jpg',	1,	'2018-07-29 02:21:39',	'2018-07-29 02:21:39',	NULL),
(23,	21,	'2.jpg',	1,	'2018-07-29 02:21:39',	'2018-07-29 02:21:39',	NULL),
(24,	22,	'1.jpg',	1,	'2018-07-29 02:21:39',	'2018-07-29 02:21:39',	NULL),
(25,	23,	'2.jpg',	1,	'2018-07-29 02:21:39',	'2018-07-29 02:21:39',	NULL),
(26,	24,	'2.jpg',	1,	'2018-07-29 02:21:39',	'2018-07-29 02:21:39',	NULL),
(27,	25,	'2.jpg',	1,	'2018-07-29 02:21:39',	'2018-07-29 02:21:39',	NULL),
(28,	26,	'2.jpg',	1,	'2018-07-29 02:21:39',	'2018-07-29 02:21:39',	NULL),
(29,	27,	'1.jpg',	1,	'2018-07-29 02:21:39',	'2018-07-29 02:21:39',	NULL),
(30,	28,	'1.jpg',	1,	'2018-07-29 02:21:39',	'2018-07-29 02:21:39',	NULL),
(31,	29,	'2.jpg',	1,	'2018-07-29 02:21:39',	'2018-07-29 02:21:39',	NULL),
(32,	30,	'2.jpg',	1,	'2018-07-29 02:21:39',	'2018-07-29 02:21:39',	NULL),
(33,	31,	'2.jpg',	1,	'2018-07-29 02:21:39',	'2018-07-29 02:21:39',	NULL),
(34,	32,	'2.jpg',	1,	'2018-07-29 02:21:39',	'2018-07-29 02:21:39',	NULL),
(35,	33,	'1.jpg',	1,	'2018-07-29 02:21:39',	'2018-07-29 02:21:39',	NULL),
(36,	34,	'1.jpg',	1,	'2018-07-29 02:21:39',	'2018-07-29 02:21:39',	NULL),
(37,	35,	'1.jpg',	1,	'2018-07-29 02:21:39',	'2018-07-29 02:21:39',	NULL),
(38,	36,	'1.jpg',	1,	'2018-07-29 02:21:39',	'2018-07-29 02:21:39',	NULL),
(39,	37,	'2.jpg',	1,	'2018-07-29 02:21:39',	'2018-07-29 02:21:39',	NULL),
(40,	38,	'1.jpg',	1,	'2018-07-29 02:21:39',	'2018-07-29 02:21:39',	NULL),
(41,	39,	'2.jpg',	1,	'2018-07-29 02:21:39',	'2018-07-29 02:21:39',	NULL),
(42,	40,	'1.jpg',	1,	'2018-07-29 02:21:39',	'2018-07-29 02:21:39',	NULL),
(43,	41,	'1.jpg',	1,	'2018-07-29 02:21:39',	'2018-07-29 02:21:39',	NULL),
(44,	42,	'2.jpg',	1,	'2018-07-29 02:21:39',	'2018-07-29 02:21:39',	NULL),
(45,	43,	'2.jpg',	1,	'2018-07-29 02:21:39',	'2018-07-29 02:21:39',	NULL),
(46,	44,	'1.jpg',	1,	'2018-07-29 02:21:39',	'2018-07-29 02:21:39',	NULL),
(47,	45,	'1.jpg',	1,	'2018-07-29 02:21:39',	'2018-07-29 02:21:39',	NULL),
(48,	46,	'1.jpg',	1,	'2018-07-29 02:21:39',	'2018-07-29 02:21:39',	NULL),
(49,	47,	'1.jpg',	1,	'2018-07-29 02:21:39',	'2018-07-29 02:21:39',	NULL),
(50,	48,	'1.jpg',	1,	'2018-07-29 02:21:39',	'2018-07-29 02:21:39',	NULL),
(51,	49,	'2.jpg',	1,	'2018-07-29 02:21:39',	'2018-07-29 02:21:39',	NULL),
(52,	50,	'1.jpg',	1,	'2018-07-29 02:21:39',	'2018-07-29 02:21:39',	NULL);

-- 2018-07-30 11:25:25
